date,open,high,low,close,volume
2026-06-11,10.71,10.78,10.64,10.69,1156222.0
2026-06-12,10.75,11.0,10.63,10.99,2032355.0
2026-06-15,10.96,10.96,10.73,10.81,1541305.0
2026-06-16,10.8,10.87,10.66,10.69,942708.0
2026-06-17,10.72,10.74,10.5,10.53,965828.0
2026-06-18,10.49,10.52,10.27,10.27,1426893.0
2026-06-22,10.27,10.42,10.17,10.4,1265317.0
2026-06-23,10.4,10.66,10.38,10.46,1190604.0
2026-06-24,10.43,10.53,10.26,10.26,1125841.0
2026-06-25,10.22,10.34,10.16,10.17,1083999.0
2026-06-26,10.17,10.22,9.94,9.98,1236482.0
2026-06-29,9.97,10.07,9.77,9.99,1124140.0
2026-06-30,9.97,9.97,9.79,9.8,1111353.0
2026-07-01,9.8,9.93,9.74,9.91,906890.0
2026-07-02,9.95,10.11,9.92,10.03,1004749.0
2026-07-03,10.04,10.15,9.93,10.04,863327.0
2026-07-06,10.0,10.27,9.97,10.25,1061049.0
2026-07-07,10.21,10.26,10.1,10.22,805221.0
2026-07-08,10.19,10.38,10.09,10.35,950760.0
2026-07-09,10.3,10.34,10.18,10.24,747191.0
2026-07-10,10.25,10.26,10.15,10.2,957320.0
2026-07-13,10.17,10.3,10.13,10.29,924746.0
2026-07-14,10.28,10.45,10.23,10.44,1193715.0
2026-07-15,10.4,10.62,10.38,10.59,981422.0
2026-07-16,10.6,10.68,10.47,10.52,800766.0
2026-07-17,10.5,10.63,10.47,10.53,1075499.0
2026-07-20,10.5,10.75,10.49,10.73,1567304.0
2026-07-21,10.74,10.88,10.58,10.59,1755113.0
2026-07-22,10.56,10.73,10.52,10.73,1029484.0
2026-07-23,10.67,10.87,10.65,10.83,1095743.0
2026-07-24,10.84,10.93,10.84,10.85,1140933.0
2026-07-27,10.86,10.91,10.79,10.86,957156.0
2026-07-28,10.85,10.96,10.84,10.95,1061011.0
2026-07-29,10.94,11.11,10.93,11.03,1511054.0
2026-07-30,11.03,11.37,10.93,11.36,2777708.0
2026-07-31,11.25,11.38,11.03,11.38,2024979.0
2026-08-03,11.29,11.41,11.27,11.37,1060851.0
2026-08-04,11.33,11.37,11.17,11.19,1221130.0
2026-08-05,11.16,11.25,10.93,11.0,1511510.0
2026-08-06,10.97,11.03,10.87,11.02,1046343.0
2026-08-07,10.98,11.01,10.85,10.94,882977.0
2026-08-10,10.93,11.13,10.91,11.04,889060.0
2026-08-11,11.06,11.15,10.99,11.01,663361.0
2026-08-12,11.01,11.04,10.95,11.0,632950.0
2026-08-13,10.98,11.02,10.93,11.0,755981.0
2026-08-14,10.97,10.98,10.86,10.86,832344.0
2026-08-17,10.95,10.97,10.82,10.85,929043.0
2026-08-18,10.85,10.89,10.78,10.8,808930.0
2026-08-19,10.83,11.02,10.82,11.02,1426496.0
2026-08-20,10.95,11.15,10.94,11.15,1183578.0
2026-08-21,11.11,11.21,11.07,11.16,869128.0
2026-08-24,11.13,11.33,11.1,11.31,1199025.0
2026-08-25,11.32,11.39,11.28,11.34,994881.0
2026-08-26,11.3,11.5,11.27,11.48,1167289.0
2026-08-27,11.45,11.47,11.26,11.34,975702.0
2026-08-28,11.29,11.43,11.23,11.4,838126.0
2026-08-31,11.39,11.52,11.37,11.47,908857.0
2026-09-01,11.43,11.71,11.4,11.67,1523165.0
2026-09-02,11.67,11.74,11.6,11.66,892248.0
2026-09-03,11.63,11.83,11.58,11.63,1105134.0
2026-09-04,11.61,11.75,11.6,11.64,814373.0
2026-09-07,11.62,11.63,11.4,11.45,1087276.0
2026-09-08,11.41,11.56,11.4,11.53,740516.0
2026-09-09,11.51,11.54,11.44,11.45,582306.0
2026-09-10,11.43,11.61,11.41,11.6,867632.0
2026-09-11,11.57,11.61,11.46,11.49,832461.0
2026-09-14,11.48,11.65,11.47,11.6,741248.0
2026-09-15,11.57,11.63,11.52,11.57,755251.0
2026-09-16,11.55,11.59,11.32,11.45,949626.0
2026-09-17,11.43,11.49,11.32,11.36,691925.0
2026-09-18,11.34,11.57,11.31,11.45,853038.0
2026-09-21,11.45,11.48,11.35,11.48,817555.0
2026-09-22,11.45,11.5,11.37,11.46,759457.0
2026-09-23,11.43,11.46,11.3,11.35,906726.0
2026-09-24,11.35,11.47,11.29,11.3,1043819.0
2026-09-28,11.28,11.41,11.27,11.3,715341.0
2026-09-29,11.3,11.41,11.28,11.35,690979.0
2026-09-30,11.36,11.65,11.33,11.57,1045357.0
2026-10-08,11.57,11.87,11.54,11.78,1481686.0
2026-10-09,11.78,11.89,11.58,11.59,1078106.0
